,NO,지역구,배움터명,실제교육장소,교육방식,과정,교육명,시작일자,종료일자,시작시간,종료시간,강사,서포터즈,소분류,대분류
0,1,총괄,부산역 유라시아 플랫폼,,집합,생활,집에서 만나는 장보기,2021-08-02,2021-08-06,14:00,17:30,김정화,조영성,쇼핑,소셜 미디어
1,2,총괄,부산역 유라시아 플랫폼,,집합,기초,언택트시대 슬기로운 화상솔루션과 웨일온,2021-08-04,2021-08-06,9:30,13:00,강영애,김희용,기타,기타
2,3,총괄,부산역 유라시아 플랫폼,,집합,기초,"SNS 기초_카카오톡, 카카오스토리",2021-08-09,2021-08-13,9:30,13:00,강영애,김희용,sns 활용,소셜 미디어
3,4,총괄,부산역 유라시아 플랫폼,,집합,생활,구글앱 활용1,2021-08-09,2021-08-13,14:00,17:30,김정화,조영성,컴퓨터/모바일 기기 관리,컴퓨터 기초
4,5,총괄,부산역 유라시아 플랫폼,,집합,생활,편리한 교통과 장보기,2021-08-17,2021-08-20,9:30,13:00,강영애,김희용,이미지/동영상 제작편집,미디어 창작/앱 개발
5,6,총괄,부산역 유라시아 플랫폼,,집합,생활,민원서류 쉽게 준비하기,2021-08-17,2021-08-20,14:00,17:30,김정화,조영성,정부 행정서비스,생활 서비스
6,7,총괄,부산역 유라시아 플랫폼,,집합,기초,한글초급_한글 친해지기,2021-08-23,2021-08-27,9:30,13:00,강영애,김희용,문서 작성,컴퓨터 기초
7,8,총괄,부산역 유라시아 플랫폼,,집합,생활,키네마스터 앱을 활용한 동영상 만들기,2021-08-23,2021-08-27,14:00,17:30,김정화,조영성,이미지/동영상 제작편집,미디어 창작/앱 개발
8,9,총괄,부산역 유라시아 플랫폼,,집합,생활,(공공앱) 손쉽게 소통하는 편리한 민원,2021-08-30,2021-08-31,9:30,13:00,강영애,김희용,정부 행정서비스,생활 서비스
9,10,총괄,부산역 유라시아 플랫폼,,집합,생활,(공공앱) 스마트한 부산 교통정보,2021-08-30,2021-08-31,14:00,17:30,김정화,조영성,정부 행정서비스,생활 서비스
10,44,강서구,강서구청 정보화교육장,,집합,생활,편리한 교통 생활,2021-08-02,2021-08-04,9:30,13:00,한상준,이승아,이미지/동영상 제작편집,미디어 창작/앱 개발
11,45,강서구,강서구청 정보화교육장,,집합,기초,오피스 엑셀 기초,2021-08-02,2021-08-04,14:00,17:30,안화숙,최현정,문서 작성,컴퓨터 기초
12,47,강서구,강서구청 정보화교육장,,집합,생활,키오스크와 함께 스마트한 생활,2021-08-05,2021-08-06,9:30,13:00,한상준,이승아,다양한 IT기기 이용방법,생활 서비스
13,49,강서구,강서구청 정보화교육장,,집합,기초,핵심내용으로 구성된 초급엑셀실무 TIP,2021-08-05,2021-08-06,14:00,17:30,안화숙,최현정,문서 작성,컴퓨터 기초
14,50,강서구,강서구청 정보화교육장,,집합,기초,오피스 엑셀 기초,2021-08-09,2021-08-11,9:30,13:00,한상준,이승아,문서 작성,컴퓨터 기초
15,51,강서구,강서구청 정보화교육장,,집합,기초,파워포인트초급_파워포인트와 친해지기,2021-08-09,2021-08-11,14:00,17:30,안화숙,최현정,문서 작성,컴퓨터 기초
16,53,강서구,강서구청 정보화교육장,,집합,기초,핵심내용으로 구성된 초급엑셀실무 TIP,2021-08-12,2021-08-13,9:30,13:00,한상준,이승아,문서 작성,컴퓨터 기초
17,55,강서구,강서구청 정보화교육장,,집합,기초,파워포인트초급_표와 차트 활용,2021-08-12,2021-08-13,14:00,17:30,안화숙,최현정,문서 작성,컴퓨터 기초
18,57,강서구,강서구청 정보화교육장,,집합,기초,핵심내용으로 구성된 초급엑셀실무 TIP,2021-08-17,2021-08-20,9:30,13:00,한상준,이승아,문서 작성,컴퓨터 기초
19,58,강서구,강서구청 정보화교육장,,집합,기초,파워포인트초급_워드아트와 스마트아트 활용,2021-08-17,2021-08-18,14:00,17:30,안화숙,최현정,문서 작성,컴퓨터 기초
20,60,강서구,강서구청 정보화교육장,,집합,생활,내가 만드는 포토북과 스마트한 일기책,2021-08-19,2021-08-20,14:00,17:30,안화숙,최현정,이미지/동영상 제작편집,미디어 창작/앱 개발
21,61,강서구,강서구청 정보화교육장,,집합,생활,스마트 앱을 활용한 동영상 만들기(멸치),2021-08-23,2021-08-24,9:30,13:00,한상준,이승아,이미지/동영상 제작편집,미디어 창작/앱 개발
22,62,강서구,강서구청 정보화교육장,,집합,생활,(공공앱) 앱으로 떠나는 흥미로운 부산여행,2021-08-23,2021-08-25,14:00,17:30,안화숙,최현정,정부 행정서비스,생활 서비스
23,64,강서구,강서구청 정보화교육장,,집합,생활,사진앱 포토 동영상과 클라우드 관리하기,2021-08-25,2021-08-27,9:30,13:00,한상준,이승아,이미지/동영상 제작편집,미디어 창작/앱 개발
24,66,강서구,강서구청 정보화교육장,,집합,생활,키오스크와 함께 스마트한 생활,2021-08-26,2021-08-27,14:00,17:30,안화숙,최현정,다양한 IT기기 이용방법,생활 서비스
25,67,강서구,강서구청 정보화교육장,,집합,기초,파워포인트초급_파워포인트와 친해지기,2021-08-30,2021-08-31,9:30,13:00,한상준,이승아,문서 작성,컴퓨터 기초
26,69,강서구,강서구청 정보화교육장,,집합,기초,블로그만들기,2021-08-30,2021-08-31,14:00,17:30,안화숙,최현정,개인블로그 및 카페 개설활용 방법,소셜 미디어
27,105,강서구,신호평생학습관,,집합,기초,"SNS 기초_카카오톡, 카카오스토리",2021-08-03,2021-08-04,14:00,17:30,박미숙,김선주,sns 활용,소셜 미디어
28,108,강서구,신호평생학습관,,집합,생활,편리한 어플리케이션,2021-08-10,2021-08-11,14:00,17:30,박미숙,김선주,이미지/동영상 제작편집,미디어 창작/앱 개발
29,111,강서구,신호평생학습관,,집합,기초,나도 이제 사진작가,2021-08-17,2021-08-18,14:00,17:30,박미숙,김선주,이미지/동영상 제작편집,미디어 창작/앱 개발
30,115,강서구,신호평생학습관,,집합,생활,후후로 보이스피싱 없는 세상,2021-08-24,2021-08-25,14:00,17:30,박미숙,김선주,정보 보안,컴퓨터 기초
31,119,강서구,신호평생학습관,,집합,기초,SNS 스타_인스타그램,2021-08-30,2021-08-31,14:00,17:30,박미숙,김선주,sns 활용,소셜 미디어
32,285,금정구,서3동 행정복지센터 주민자율공간,노인복지관,집합,기초,친절한 스마트씨!(스마트폰 기초),2021-08-03,2021-08-04,14:00,17:30,김지원,박꽃새,컴퓨터/모바일 기기 관리,컴퓨터 기초
33,289,금정구,서3동 행정복지센터 주민자율공간,노인복지관,집합,기초,"SNS 기초_카카오톡, 카카오스토리",2021-08-10,2021-08-11,14:00,17:30,김지원,박꽃새,sns 활용,소셜 미디어
34,293,금정구,서3동 행정복지센터 주민자율공간,노인복지관,집합,생활,편리한 교통 생활,2021-08-17,2021-08-18,14:00,17:30,김지원,박꽃새,이미지/동영상 제작편집,미디어 창작/앱 개발
35,297,금정구,서3동 행정복지센터 주민자율공간,노인복지관,집합,생활,집에서 만나는 장보기,2021-08-24,2021-08-25,14:00,17:30,김지원,박꽃새,쇼핑,소셜 미디어
36,358,기장군,정관읍 행정복지센터,정관 LH5단지,집합,기초,친절한 스마트씨!(스마트폰 기초),2021-08-03,2021-08-04,9:30,13:00,도원희,정지인,컴퓨터/모바일 기기 관리,컴퓨터 기초
37,360,기장군,정관읍 행정복지센터,정관 LH5단지,집합,기초,나도 이제 사진작가,2021-08-05,2021-08-06,9:30,13:00,도원희,정지인,이미지/동영상 제작편집,미디어 창작/앱 개발
38,362,기장군,정관읍 행정복지센터,정관 LH5단지,집합,기초,"SNS 기초_카카오톡, 카카오스토리",2021-08-10,2021-08-11,9:30,13:00,도원희,정지인,sns 활용,소셜 미디어
39,364,기장군,정관읍 행정복지센터,정관 LH5단지,집합,기초,SNS 스타_인스타그램,2021-08-12,2021-08-13,9:30,13:00,도원희,정지인,sns 활용,소셜 미디어
40,366,기장군,정관읍 행정복지센터,정관 LH5단지,집합,생활,편리한 교통 생활,2021-08-17,2021-08-18,9:30,13:00,도원희,정지인,이미지/동영상 제작편집,미디어 창작/앱 개발
41,368,기장군,정관읍 행정복지센터,정관 LH5단지,집합,생활,집에서 만나는 장보기,2021-08-19,2021-08-20,9:30,13:00,도원희,정지인,쇼핑,소셜 미디어
42,370,기장군,정관읍 행정복지센터,정관 LH5단지,집합,생활,편리한 어플리케이션,2021-08-24,2021-08-25,9:30,13:00,도원희,정지인,이미지/동영상 제작편집,미디어 창작/앱 개발
43,372,기장군,정관읍 행정복지센터,정관 LH5단지,집합,생활,민원서류 쉽게 준비하기,2021-08-26,2021-08-27,9:30,13:00,도원희,정지인,정부 행정서비스,생활 서비스
44,374,기장군,정관읍 행정복지센터,정관 LH5단지,집합,생활,키오스크와 함께 스마트한 생활,2021-08-30,2021-08-31,9:30,13:00,도원희,정지인,다양한 IT기기 이용방법,생활 서비스
45,408,남구,남구도서관 4층 키움실,,집합,기초,친절한 스마트씨!(스마트폰 기초),2021-08-03,2021-08-04,9:00,12:00,손연우,이예서,컴퓨터/모바일 기기 관리,컴퓨터 기초
46,410,남구,남구도서관 4층 키움실,,집합,기초,나도 이제 사진작가,2021-08-10,2021-08-11,9:00,12:00,손연우,이예서,이미지/동영상 제작편집,미디어 창작/앱 개발
47,412,남구,남구도서관 4층 키움실,,집합,생활,키네마스터 앱을 활용한 동영상 만들기,2021-08-17,2021-08-18,9:00,12:00,손연우,이예서,이미지/동영상 제작편집,미디어 창작/앱 개발
48,414,남구,남구도서관 4층 키움실,,집합,생활,유튜브 슬기롭게 활용하기,2021-08-24,2021-08-25,9:00,12:00,손연우,이예서,이미지/동영상 제작편집,미디어 창작/앱 개발
49,513,동구,부산디자인진흥센터,,집합,기초,블로그만들기1,2021-08-03,2021-08-04,14:00,17:30,이주하,박미경,개인블로그 및 카페 개설활용 방법,소셜 미디어
50,514,동구,부산디자인진흥센터,,집합,기초,블로그만들기1,2021-08-03,2021-08-04,19:00,21:00,허미라,전윤아,개인블로그 및 카페 개설활용 방법,소셜 미디어
51,515,동구,부산디자인진흥센터,,집합,기초,블로그만들기1,2021-08-05,2021-08-06,14:00,17:30,이주하,박미경,개인블로그 및 카페 개설활용 방법,소셜 미디어
52,517,동구,부산디자인진흥센터,,집합,기초,블로그만들기2,2021-08-10,2021-08-11,14:00,17:30,이주하,박미경,개인블로그 및 카페 개설활용 방법,소셜 미디어
53,518,동구,부산디자인진흥센터,,집합,기초,블로그만들기2,2021-08-10,2021-08-11,19:00,21:00,허미라,전윤아,개인블로그 및 카페 개설활용 방법,소셜 미디어
54,519,동구,부산디자인진흥센터,,집합,기초,블로그만들기2,2021-08-12,2021-08-13,14:00,17:30,이주하,박미경,개인블로그 및 카페 개설활용 방법,소셜 미디어
55,521,동구,부산디자인진흥센터,,집합,생활,모두 홈페이지 PC버전,2021-08-17,2021-08-18,14:00,17:30,이주하,박미경,개인블로그 및 카페 개설활용 방법,소셜 미디어
56,522,동구,부산디자인진흥센터,,집합,생활,모두 홈페이지 PC버전,2021-08-17,2021-08-18,19:00,21:00,허미라,전윤아,개인블로그 및 카페 개설활용 방법,소셜 미디어
57,523,동구,부산디자인진흥센터,,집합,생활,모두 홈페이지 PC버전,2021-08-19,2021-08-20,14:00,17:30,이주하,박미경,개인블로그 및 카페 개설활용 방법,소셜 미디어
58,542,동래구,동래구 배움터,,집합,기초,친절한 스마트씨!(스마트폰 기초),2021-08-02,2021-08-04,14:00,17:30,최찬우,김지철,컴퓨터/모바일 기기 관리,컴퓨터 기초
59,544,동래구,동래구 배움터,,집합,생활,집에서 만나는 장보기,2021-08-05,2021-08-06,14:00,17:30,최찬우,김지철,쇼핑,소셜 미디어
60,545,동래구,동래구 배움터,,집합,생활,편리한 어플리케이션,2021-08-09,2021-08-11,14:00,17:30,최찬우,김지철,이미지/동영상 제작편집,미디어 창작/앱 개발
61,547,동래구,동래구 배움터,,집합,생활,민원서류 쉽게 준비하기,2021-08-12,2021-08-13,14:00,17:30,최찬우,김지철,정부 행정서비스,생활 서비스
62,548,동래구,동래구 배움터,,집합,기초,나도 이제 사진작가,2021-08-17,2021-08-18,14:00,17:30,최찬우,김지철,이미지/동영상 제작편집,미디어 창작/앱 개발
63,550,동래구,동래구 배움터,,집합,생활,편리한 교통 생활,2021-08-19,2021-08-20,14:00,17:30,최찬우,김지철,이미지/동영상 제작편집,미디어 창작/앱 개발
64,551,동래구,동래구 배움터,,집합,생활,키오스크와 함께 스마트한 생활,2021-08-23,2021-08-25,14:00,17:30,최찬우,김지철,다양한 IT기기 이용방법,생활 서비스
65,554,동래구,동래구 배움터,,집합,생활,(공공앱) 내 손안의 우체국,2021-08-26,2021-08-27,14:00,17:30,최찬우,김지철,정부 행정서비스,생활 서비스
66,556,동래구,동래구 배움터,,집합,생활,(공공앱) 스마트한 부산 교통정보,2021-08-30,2021-08-31,14:00,17:30,최찬우,김지철,정부 행정서비스,생활 서비스
67,567,동래구,반도보라 커뮤니티센터,,집합,심화,ITQ한글_수식입력&그리기도구,2021-08-03,2021-08-04,14:00,17:30,고석순,김소영,문서 작성,컴퓨터 기초
68,568,동래구,반도보라 커뮤니티센터,,집합,심화,ITQ한글_문서작성 능력평가,2021-08-05,2021-08-06,14:00,17:30,고석순,김소영,문서 작성,컴퓨터 기초
69,569,동래구,반도보라 커뮤니티센터,,집합,기초,파워포인트초급_파워포인트와 친해지기,2021-08-10,2021-08-11,14:00,17:30,고석순,김소영,문서 작성,컴퓨터 기초
70,570,동래구,반도보라 커뮤니티센터,,집합,기초,파워포인트초급_워드아트와 스마트아트 활용,2021-08-12,2021-08-13,14:00,17:30,고석순,김소영,문서 작성,컴퓨터 기초
71,571,동래구,반도보라 커뮤니티센터,,집합,기초,파워포인트초급_표와 차트 활용,2021-08-17,2021-08-18,14:00,17:30,고석순,김소영,문서 작성,컴퓨터 기초
72,572,동래구,반도보라 커뮤니티센터,,집합,심화,ITQ파워포인트_표지디자인&목차슬라이드,2021-08-19,2021-08-20,14:00,17:30,고석순,김소영,문서 작성,컴퓨터 기초
73,573,동래구,반도보라 커뮤니티센터,,집합,심화,ITQ파워포인트_텍스트/동영상 슬라이드,2021-08-24,2021-08-25,14:00,17:30,고석순,김소영,문서 작성,컴퓨터 기초
74,574,동래구,반도보라 커뮤니티센터,,집합,심화,ITQ파워포인트_표와 차트,2021-08-26,2021-08-27,14:00,17:30,고석순,김소영,문서 작성,컴퓨터 기초
75,575,동래구,반도보라 커뮤니티센터,,집합,심화,ITQ파워포인트_도형&스마트아트,2021-08-30,2021-08-31,14:00,17:30,고석순,김소영,문서 작성,컴퓨터 기초
76,651,부산진구,부산광역시립 시민도서관,,집합,생활,(초등학교 4학년 이상) 미리캔버스를 활용한 가족카드 뉴스 만들기,2021-08-03,2021-08-04,9:30,13:00,김혜정,이병경,이미지/동영상 제작편집,미디어 창작/앱 개발
77,652,부산진구,부산광역시립 시민도서관,,집합,생활,(초등학교 4학년 이상) 내가 만드는 포토북과 스마트한 일기책,2021-08-03,2021-08-04,14:00,17:30,오미정,문진희,이미지/동영상 제작편집,미디어 창작/앱 개발
78,653,부산진구,부산광역시립 시민도서관,,집합,심화,(초등학교 4학년 이상) 엔트리로 배우는 인공지능,2021-08-05,2021-08-06,9:30,13:00,김혜정,이병경,빅데이터,새로운 기기 기술 체험 및 활용법
79,654,부산진구,부산광역시립 시민도서관,,집합,심화,(초등학교 4학년 이상) 엔트리 인공지능 코딩,2021-08-05,2021-08-06,14:00,17:30,오미정,문진희,빅데이터,새로운 기기 기술 체험 및 활용법
80,657,부산진구,부산광역시립 시민도서관,,집합,생활,(초등학교 4학년 이상) 나는야 유튜브 크리에이터,2021-08-12,2021-08-13,14:00,17:30,오미정,문진희,이미지/동영상 제작편집,미디어 창작/앱 개발
81,658,부산진구,부산광역시립 시민도서관,,집합,생활,(초등학교 4학년 이상) 미리캔버스를 활용한 가족카드 뉴스 만들기,2021-08-17,2021-08-18,9:30,13:00,김혜정,이병경,이미지/동영상 제작편집,미디어 창작/앱 개발
82,659,부산진구,부산광역시립 시민도서관,,집합,생활,(초등학교 4학년 이상) 키네마스터 앱을 활용한 동영상 만들기,2021-08-17,2021-08-18,14:00,17:30,오미정,문진희,이미지/동영상 제작편집,미디어 창작/앱 개발
83,660,부산진구,부산광역시립 시민도서관,,집합,심화,(초등학교 4학년 이상) 엔트리로 배우는 인공지능,2021-08-19,2021-08-20,9:30,13:00,김혜정,이병경,빅데이터,새로운 기기 기술 체험 및 활용법
84,663,부산진구,부산광역시립 시민도서관,,집합,기초,(초등학교 4학년 이상) 파워포인트초급_파워포인트와 친해지기,2021-08-24,2021-08-25,14:00,17:30,오미정,문진희,문서 작성,컴퓨터 기초
85,665,부산진구,부산광역시립 시민도서관,,집합,생활,(초등4학년 이상) 나는야 유튜브 크리에이터,2021-08-26,2021-08-27,14:00,17:30,오미정,문진희,이미지/동영상 제작편집,미디어 창작/앱 개발
86,666,부산진구,부산노인회관,,집합,생활,스마트 앱을 활용한 동영상만들기(글그램&글씨팡팡),2021-08-03,2021-08-04,9:30,13:00,이경희A,황정희A,이미지/동영상 제작편집,미디어 창작/앱 개발
87,667,부산진구,부산노인회관,,집합,기초,컴퓨터 기초(윈도우 10),2021-08-03,2021-08-04,14:00,17:30,차명숙,송인옥,컴퓨터/모바일 기기 관리,컴퓨터 기초
88,668,부산진구,부산노인회관,,집합,생활,스마트 앱을 활용한 동영상만들기(블로),2021-08-05,2021-08-06,9:30,13:00,이경희A,황정희A,이미지/동영상 제작편집,미디어 창작/앱 개발
89,669,부산진구,부산노인회관,,집합,기초,윈도우10 파일과 폴더 활용,2021-08-05,2021-08-06,14:00,17:30,차명숙,송인옥,컴퓨터/모바일 기기 관리,컴퓨터 기초
90,670,부산진구,부산노인회관,,집합,생활,키오스크와 함께 스마트한 생활,2021-08-10,2021-08-11,9:30,13:00,이경희A,황정희A,다양한 IT기기 이용방법,생활 서비스
91,671,부산진구,부산노인회관,,집합,기초,한글초급_한글 친해지기,2021-08-10,2021-08-11,14:00,17:30,차명숙,송인옥,문서 작성,컴퓨터 기초
92,672,부산진구,부산노인회관,,집합,기초,한글초급_한글 이미지와 도형 활용,2021-08-12,2021-08-13,14:00,17:30,차명숙,송인옥,문서 작성,컴퓨터 기초
93,673,부산진구,부산노인회관,,집합,기초,친절한 스마트씨!(스마트폰 기초),2021-08-17,2021-08-18,14:00,17:30,차명숙,송인옥,컴퓨터/모바일 기기 관리,컴퓨터 기초
94,674,부산진구,부산노인회관,,집합,기초,한글초급_한글 친해지기,2021-08-19,2021-08-20,9:30,13:00,이경희A,황정희A,문서 작성,컴퓨터 기초
95,675,부산진구,부산노인회관,,집합,기초,나도 이제 사진작가,2021-08-19,2021-08-20,14:00,17:30,차명숙,송인옥,이미지/동영상 제작편집,미디어 창작/앱 개발
96,676,부산진구,부산노인회관,,집합,기초,한글초급_한글 이미지와 도형 활용,2021-08-24,2021-08-25,9:30,13:00,이경희A,황정희A,문서 작성,컴퓨터 기초
97,677,부산진구,부산노인회관,,집합,생활,편리한 어플리케이션,2021-08-24,2021-08-25,14:00,17:30,차명숙,송인옥,이미지/동영상 제작편집,미디어 창작/앱 개발
98,678,부산진구,부산노인회관,,집합,기초,한글초급_한글 표와 차트 활용,2021-08-26,2021-08-27,9:30,13:00,이경희A,황정희A,문서 작성,컴퓨터 기초
99,679,부산진구,부산노인회관,,집합,생활,키오스크와 함께 스마트한 생활,2021-08-26,2021-08-27,14:00,17:30,차명숙,송인옥,다양한 IT기기 이용방법,생활 서비스
100,680,부산진구,부산노인회관,,집합,생활,내가 만드는 포토북과 스마트한 일기책 (파워포인트를 활용한),2021-08-30,2021-08-31,9:30,13:00,이경희A,황정희A,이미지/동영상 제작편집,미디어 창작/앱 개발
101,681,부산진구,부산노인회관,,집합,생활,집에서 만나는 장보기,2021-08-30,2021-08-31,14:00,17:30,차명숙,송인옥,쇼핑,소셜 미디어
102,713,부산진구,부산진구 정보화교육장 (평생학습관),,집합,기초,"친절한 스마트씨!(스마트폰 기초) & SNS 기초_카카오톡, 카카오스토리",2021-08-02,2021-08-06,9:30,13:00,이수진,김성주,sns 활용,소셜 미디어
103,714,부산진구,부산진구 정보화교육장 (평생학습관),,집합,생활,스마트한 키오스크 생활 과 앱활용&(공공앱)앱으로 떠나는 흥미로운 부산여행,2021-08-02,2021-08-06,14:00,17:30,조현숙,이주현,다양한 IT기기 이용방법,생활 서비스
104,715,부산진구,부산진구 정보화교육장 (평생학습관),,집합,생활,스마트한 키오스크 생활과 앱활용& (공공앱) 앱으로 떠나는 흥미로운 부산여행,2021-08-09,2021-08-13,9:30,13:00,이수진,김성주,다양한 IT기기 이용방법,생활 서비스
105,716,부산진구,부산진구 정보화교육장 (평생학습관),,집합,기초,한글초급_한글과 친해지기& 이미지와 도형활용,2021-08-09,2021-08-13,14:00,17:30,조현숙,이주현,문서 작성,컴퓨터 기초
106,717,부산진구,부산진구 정보화교육장 (평생학습관),,집합,기초,나도 이제 사진작가& 스마트앱을 활용한 동영상 만들기,2021-08-17,2021-08-20,9:30,13:00,이수진,김성주,이미지/동영상 제작편집,미디어 창작/앱 개발
107,718,부산진구,부산진구 정보화교육장 (평생학습관),,집합,생활,(공공앱) 스마트한 부산 교통정보,2021-08-19,2021-08-20,14:00,17:30,조현숙,이주현,정부 행정서비스,생활 서비스
108,719,부산진구,부산진구 정보화교육장 (평생학습관),,집합,기초,윈도우10 파일과 폴더 활용&오피스 엑셀 기초,2021-08-23,2021-08-27,14:00,17:30,조현숙,이주현,컴퓨터/모바일 기기 관리,컴퓨터 기초
109,720,부산진구,부산진구 정보화교육장 (평생학습관),,집합,생활,스마트한 키오스크 생활& (공공앱) 스마트한 부산 교통정보,2021-08-24,2021-08-27,9:30,13:00,이수진,김성주,정부 행정서비스,생활 서비스
110,721,부산진구,부산진구 정보화교육장 (평생학습관),,집합,생활,(공공앱) 손쉽게 소통하는 편리한 민원,2021-08-30,2021-08-31,9:30,13:00,이수진,김성주,정부 행정서비스,생활 서비스
111,722,부산진구,부산진구 정보화교육장 (평생학습관),,집합,생활,(공공앱) 손쉽게 소통하는 편리한 민원,2021-08-30,2021-08-31,14:00,17:30,조현숙,이주현,정부 행정서비스,생활 서비스
112,723,부산진구,부산향토학교,,집합,기초,한글초급_한글 친해지기,2021-08-03,2021-08-04,9:30,13:00,최영석,박유라,문서 작성,컴퓨터 기초
113,724,부산진구,부산향토학교,,집합,기초,한글초급_한글 이미지와 도형 활용,2021-08-10,2021-08-11,9:30,13:00,최영석,박유라,문서 작성,컴퓨터 기초
114,725,부산진구,부산향토학교,,집합,기초,친절한 스마트씨!(스마트폰 기초),2021-08-10,2021-08-11,14:00,17:30,송민규,윤지수,컴퓨터/모바일 기기 관리,컴퓨터 기초
115,726,부산진구,부산향토학교,,집합,기초,한글초급_한글 표와 차트 활용,2021-08-12,2021-08-13,9:30,13:00,최영석,박유라,문서 작성,컴퓨터 기초
116,727,부산진구,부산향토학교,,집합,기초,나도 이제 사진작가,2021-08-12,2021-08-13,14:00,17:30,송민규,윤지수,이미지/동영상 제작편집,미디어 창작/앱 개발
117,728,부산진구,부산향토학교,,집합,기초,파워포인트초급_파워포인트와 친해지기,2021-08-17,2021-08-18,9:30,13:00,최영석,박유라,문서 작성,컴퓨터 기초
118,729,부산진구,부산향토학교,,집합,생활,키오스크와 함께 스마트한 생활,2021-08-17,2021-08-18,14:00,17:30,송민규,윤지수,다양한 IT기기 이용방법,생활 서비스
119,730,부산진구,부산향토학교,,집합,기초,파워포인트초급_워드아트와 스마트아트 활용,2021-08-19,2021-08-20,9:30,13:00,최영석,박유라,문서 작성,컴퓨터 기초
120,731,부산진구,부산향토학교,,집합,기초,"SNS 기초_카카오톡, 카카오스토리",2021-08-19,2021-08-20,14:00,17:30,송민규,윤지수,sns 활용,소셜 미디어
121,732,부산진구,부산향토학교,,집합,기초,파워포인트초급_표와 차트 활용,2021-08-24,2021-08-25,9:30,13:00,최영석,박유라,문서 작성,컴퓨터 기초
122,733,부산진구,부산향토학교,,집합,생활,(공공앱) 스마트한 부산 교통정보,2021-08-24,2021-08-25,14:00,17:30,송민규,윤지수,정부 행정서비스,생활 서비스
123,734,부산진구,부산향토학교,,집합,기초,오피스 엑셀 기초,2021-08-26,2021-08-27,9:30,13:00,최영석,박유라,문서 작성,컴퓨터 기초
124,735,부산진구,부산향토학교,,집합,생활,(공공앱) 앱으로 관리하는 우리가족 건강관리,2021-08-26,2021-08-27,14:00,17:30,송민규,윤지수,정부 행정서비스,생활 서비스
125,736,부산진구,부산향토학교,,집합,기초,핵심내용으로 구성된 초급엑셀실무 TIP,2021-08-30,2021-08-31,9:30,13:00,최영석,박유라,문서 작성,컴퓨터 기초
126,737,부산진구,부산향토학교,,집합,생활,(공공앱) 앱으로 떠나는 흥미로운 부산여행,2021-08-30,2021-08-31,14:00,17:30,송민규,윤지수,정부 행정서비스,생활 서비스
127,820,사상구,구청 전산교육장,,집합,생활,스마트한 키오스크 생활과 앱활용,2021-08-09,2021-08-13,9:30,13:00,박소순,최해경,다양한 IT기기 이용방법,생활 서비스
128,821,사상구,구청 전산교육장,,집합,기초,컴퓨터 기초(윈도우10),2021-08-09,2021-08-13,14:00,17:30,장진영,,컴퓨터/모바일 기기 관리,컴퓨터 기초
129,822,사상구,구청 전산교육장,,집합,생활,"폰 하나면 지도도 내손바닥(코레일톡, 카카오네비T맵, 대중교통, 지하철)",2021-08-17,2021-08-20,9:30,13:00,박소순,최해경,컴퓨터/모바일 기기 관리,컴퓨터 기초
130,823,사상구,구청 전산교육장,,집합,기초,윈도우10 파일과 폴더 활용,2021-08-17,2021-08-20,14:00,17:30,장진영,,컴퓨터/모바일 기기 관리,컴퓨터 기초
131,824,사상구,구청 전산교육장,,집합,생활,스마트 앱을 활용한 동영상만들기(초급부터 고급까지),2021-08-23,2021-08-27,9:30,13:00,박소순,최해경,이미지/동영상 제작편집,미디어 창작/앱 개발
132,825,사상구,구청 전산교육장,,집합,생활,재미 있는 카드 뉴스 만들기,2021-08-23,2021-08-27,14:00,17:30,장진영,,이미지/동영상 제작편집,미디어 창작/앱 개발
133,862,사상구,사상평생학습관(감전동),,집합,기초,친절한 스마트씨!(스마트폰 기초),2021-08-03,2021-08-04,9:00,12:30,정선희,박미리,컴퓨터/모바일 기기 관리,컴퓨터 기초
134,864,사상구,사상평생학습관(감전동),,집합,기초,나도 이제 사진작가,2021-08-05,2021-08-06,9:00,12:30,정선희,박미리,이미지/동영상 제작편집,미디어 창작/앱 개발
135,866,사상구,사상평생학습관(감전동),,집합,기초,"SNS 기초_카카오톡, 카카오스토리",2021-08-10,2021-08-11,9:00,12:30,정선희,박미리,sns 활용,소셜 미디어
136,868,사상구,사상평생학습관(감전동),,집합,생활,키오스크와 함께 스마트한 생활,2021-08-12,2021-08-13,9:00,12:30,정선희,박미리,다양한 IT기기 이용방법,생활 서비스
137,870,사상구,사상평생학습관(감전동),,집합,생활,편리한 교통 생활,2021-08-17,2021-08-18,9:00,12:30,정선희,박미리,이미지/동영상 제작편집,미디어 창작/앱 개발
138,872,사상구,사상평생학습관(감전동),,집합,생활,집에서 만나는 장보기,2021-08-19,2021-08-20,9:00,12:30,정선희,박미리,쇼핑,소셜 미디어
139,874,사상구,사상평생학습관(감전동),,집합,생활,민원서류 쉽게 준비하기,2021-08-24,2021-08-25,9:00,12:30,정선희,박미리,문서 작성,컴퓨터 기초
140,876,사상구,사상평생학습관(감전동),,집합,생활,편리한 어플리케이션,2021-08-26,2021-08-27,9:00,12:30,정선희,박미리,이미지/동영상 제작편집,미디어 창작/앱 개발
141,878,사상구,사상평생학습관(감전동),,집합,생활,유튜브 슬기롭게 활용하기,2021-08-30,2021-08-31,9:00,12:30,정선희,박미리,이미지/동영상 제작편집,미디어 창작/앱 개발
142,892,사하구,감천문화마을 감내어울터,,집합,생활,재미 있는 카드 뉴스 만들기,2021-08-03,2021-08-04,9:30,13:00,김정현,김진영,이미지/동영상 제작편집,미디어 창작/앱 개발
143,893,사하구,감천문화마을 감내어울터,,집합,생활,재미 있는 카드 뉴스 만들기,2021-08-05,2021-08-06,9:30,13:00,김정현,김진영,이미지/동영상 제작편집,미디어 창작/앱 개발
144,894,사하구,감천문화마을 감내어울터,,집합,생활,(공공앱) 앱으로 떠나는 흥미로운 부산여행,2021-08-10,2021-08-11,9:30,13:00,김정현,김진영,정부 행정서비스,생활 서비스
145,895,사하구,감천문화마을 감내어울터,,집합,생활,편리한 교통과 장보기,2021-08-17,2021-08-18,9:30,13:00,김정현,김진영,이미지/동영상 제작편집,미디어 창작/앱 개발
146,896,사하구,감천문화마을 감내어울터,,집합,생활,편리한 교통과 장보기,2021-08-19,2021-08-20,9:30,13:00,김정현,김진영,이미지/동영상 제작편집,미디어 창작/앱 개발
147,897,사하구,감천문화마을 감내어울터,,집합,생활,스마트 앱을 활용한 동영상만들기(초급부터 고급까지),2021-08-24,2021-08-25,9:30,13:00,김정현,김진영,이미지/동영상 제작편집,미디어 창작/앱 개발
148,898,사하구,감천문화마을 감내어울터,,집합,생활,스마트 앱을 활용한 동영상만들기(초급부터 고급까지),2021-08-26,2021-08-27,9:30,13:00,김정현,김진영,이미지/동영상 제작편집,미디어 창작/앱 개발
149,899,사하구,감천문화마을 감내어울터,,집합,생활,키네마스터 앱을 활용한 동영상 만들기,2021-08-30,2021-08-31,9:30,13:00,김정현,김진영,이미지/동영상 제작편집,미디어 창작/앱 개발
150,947,사하구,몰운대종합사회복지관,,집합,기초,친절한 스마트씨!(스마트폰 기초),2021-08-03,2021-08-04,9:30,13:00,박영림,박선경,컴퓨터/모바일 기기 관리,컴퓨터 기초
151,948,사하구,몰운대종합사회복지관,,집합,기초,친절한 스마트씨!(스마트폰 기초),2021-08-03,2021-08-04,14:00,17:30,박원창,김재민,컴퓨터/모바일 기기 관리,컴퓨터 기초
152,949,사하구,몰운대종합사회복지관,,집합,기초,나도 이제 사진작가,2021-08-05,2021-08-06,9:30,13:00,박영림,박선경,이미지/동영상 제작편집,미디어 창작/앱 개발
153,950,사하구,몰운대종합사회복지관,,집합,기초,나도 이제 사진작가,2021-08-05,2021-08-06,14:00,17:30,박원창,김재민,이미지/동영상 제작편집,미디어 창작/앱 개발
154,951,사하구,몰운대종합사회복지관,,집합,기초,"SNS 기초_카카오톡, 카카오스토리",2021-08-10,2021-08-11,9:30,13:00,박영림,박선경,sns 활용,소셜 미디어
155,952,사하구,몰운대종합사회복지관,,집합,생활,(공공앱) 스마트한 부산 교통정보,2021-08-10,2021-08-11,14:00,17:30,박원창,김재민,정부 행정서비스,생활 서비스
156,953,사하구,몰운대종합사회복지관,,집합,생활,편리한 교통과 장보기,2021-08-12,2021-08-13,9:30,13:00,박영림,박선경,이미지/동영상 제작편집,미디어 창작/앱 개발
157,954,사하구,몰운대종합사회복지관,,집합,생활,집에서 만나는 장보기,2021-08-12,2021-08-13,14:00,17:30,박원창,김재민,쇼핑,소셜 미디어
158,955,사하구,몰운대종합사회복지관,,집합,생활,내가 만드는 포토북과 스마트한 일기책,2021-08-17,2021-08-18,9:30,13:00,박영림,박선경,이미지/동영상 제작편집,미디어 창작/앱 개발
159,956,사하구,몰운대종합사회복지관,,집합,기초,"SNS 기초_카카오톡, 카카오스토리",2021-08-17,2021-08-18,14:00,17:30,박원창,김재민,sns 활용,소셜 미디어
160,957,사하구,몰운대종합사회복지관,,집합,생활,(공공앱) 스마트한 부산교통정보,2021-08-19,2021-08-20,9:30,13:00,박영림,박선경,정부 행정서비스,생활 서비스
161,958,사하구,몰운대종합사회복지관,,집합,생활,(공공앱) 앱으로 관리하는 우리가족 건강관리,2021-08-19,2021-08-20,14:00,17:30,박원창,김재민,정부 행정서비스,생활 서비스
162,959,사하구,몰운대종합사회복지관,,집합,생활,(공공앱) 내 손안의 우체국,2021-08-24,2021-08-25,9:30,13:00,박영림,박선경,정부 행정서비스,생활 서비스
163,960,사하구,몰운대종합사회복지관,,집합,생활,키오스크와 함께 스마트한 생활,2021-08-24,2021-08-25,14:00,17:30,박원창,김재민,다양한 IT기기 이용방법,생활 서비스
164,961,사하구,몰운대종합사회복지관,,집합,생활,(공공앱) 손쉽게 소통하는 편리한 민원,2021-08-26,2021-08-27,9:30,13:00,박영림,박선경,정부 행정서비스,생활 서비스
165,962,사하구,몰운대종합사회복지관,,집합,생활,후후로 보이스피싱 없는 세상,2021-08-26,2021-08-27,14:00,17:30,박원창,김재민,정보 보안,컴퓨터 기초
166,963,사하구,몰운대종합사회복지관,,집합,생활,(공공앱) 나에게 맞는 일자리 찾기,2021-08-30,2021-08-31,9:30,13:00,박영림,박선경,정부 행정서비스,생활 서비스
167,964,사하구,몰운대종합사회복지관,,집합,생활,(공공앱) 앱으로 떠나는 흥미로운 부산여행,2021-08-30,2021-08-31,14:00,17:30,박원창,김재민,정부 행정서비스,생활 서비스
168,975,사하구,사하구 장애인 종합복지관,,집합,생활,(공공앱) 스마트한 부산 교통정보,2021-08-06,2021-08-06,9:30,13:00,구남순,김혜정A,정부 행정서비스,생활 서비스
169,978,사하구,사하구 장애인 종합복지관,,집합,생활,(공공앱) 앱으로 관리하는 우리가족 건강관리,2021-08-13,2021-08-13,9:30,13:00,구남순,김혜정A,정부 행정서비스,생활 서비스
170,980,사하구,사하구 장애인 종합복지관,,집합,생활,(공공앱) 앱으로 떠나는 흥미로운 부산여행,2021-08-20,2021-08-20,9:30,13:00,구남순,김혜정A,정부 행정서비스,생활 서비스
171,983,사하구,사하구 장애인 종합복지관,,집합,생활,(공공앱) 앱으로 관리하는 우리가족 건강관리,2021-08-27,2021-08-27,9:30,13:00,구남순,김혜정A,정부 행정서비스,생활 서비스
172,985,사하구,사하구다문화가족지원센터,,집합,생활,유튜브 슬기롭게 활용하기,2021-08-03,2021-08-04,9:30,13:00,박온순,,이미지/동영상 제작편집,미디어 창작/앱 개발
173,987,사하구,사하구다문화가족지원센터,,집합,기초,한글초급_한글 표와 차트 활용,2021-08-05,2021-08-06,9:30,13:00,박온순,,문서 작성,컴퓨터 기초
174,989,사하구,사하구다문화가족지원센터,,집합,생활,소상공인 픽슬러 명함/스티커 만들기,2021-08-10,2021-08-11,9:30,13:00,박온순,,이미지/동영상 제작편집,미디어 창작/앱 개발
175,991,사하구,사하구다문화가족지원센터,,집합,심화,블로그 마케팅,2021-08-12,2021-08-13,9:30,13:00,박온순,,개인블로그 및 카페 개설활용 방법,소셜 미디어
176,992,사하구,사하구다문화가족지원센터,,집합,생활,소상공인 포토스케이프X 활용한 홍보저작물 만들기,2021-08-17,2021-08-18,9:30,13:00,박온순,,이미지/동영상 제작편집,미디어 창작/앱 개발
177,994,사하구,사하구다문화가족지원센터,,집합,생활,미리캔버스,2021-08-19,2021-08-20,9:30,13:00,박온순,,기타,기타
178,996,사하구,사하구다문화가족지원센터,,집합,기초,한글초급_한글 친해지기,2021-08-24,2021-08-25,9:30,13:00,박온순,,문서 작성,컴퓨터 기초
179,998,사하구,사하구다문화가족지원센터,,집합,생활,유튜브 슬기롭게 활용하기,2021-08-26,2021-08-27,9:30,13:00,박온순,,이미지/동영상 제작편집,미디어 창작/앱 개발
180,1000,사하구,사하구다문화가족지원센터,,집합,기초,한글초급_한글 이미지와 도형 활용,2021-08-31,2021-08-31,9:30,13:00,박온순,,문서 작성,컴퓨터 기초
181,1001,사하구,사하구청 정보화교육장,,집합,기초,한글초급 친해지기와 이미지와 도형 활용하기,2021-08-02,2021-08-06,9:30,13:00,박수정,김다영,문서 작성,컴퓨터 기초
182,1002,사하구,사하구청 정보화교육장,,집합,기초,스마트폰 기초 및 앱 활용하기,2021-08-02,2021-08-06,14:00,17:30,조은주,김도윤,컴퓨터/모바일 기기 관리,컴퓨터 기초
183,1003,사하구,사하구청 정보화교육장,,집합,생활,카카오톡 정복하기 및 페이로 쇼핑하기,2021-08-09,2021-08-13,9:30,13:00,박수정,김다영,쇼핑,소셜 미디어
184,1004,사하구,사하구청 정보화교육장,,집합,생활,(공공앱) 앱으로 떠나는 흥미로운 부산여행 +우리가족건강관리,2021-08-09,2021-08-13,14:00,17:30,조은주,김도윤,정부 행정서비스,생활 서비스
185,1005,사하구,사하구청 정보화교육장,,집합,기초,스마트폰 기초 및 앱 활용하기,2021-08-17,2021-08-20,9:30,13:00,박수정,김다영,컴퓨터/모바일 기기 관리,컴퓨터 기초
186,1006,사하구,사하구청 정보화교육장,,집합,생활,뚝딱! 명함+스티커 홍보물 만들기,2021-08-17,2021-08-20,14:00,17:30,조은주,김도윤,이미지/동영상 제작편집,미디어 창작/앱 개발
187,1007,사하구,사하구청 정보화교육장,,집합,기초,엑셀로 가계부만들기,2021-08-23,2021-08-27,9:30,13:00,박수정,김다영,문서 작성,컴퓨터 기초
188,1008,사하구,사하구청 정보화교육장,,집합,생활,스마트 앱을 활용한 동영상만들기(초급부터 고급까지),2021-08-23,2021-08-27,14:00,17:30,조은주,김도윤,이미지/동영상 제작편집,미디어 창작/앱 개발
189,1009,사하구,사하구청 정보화교육장,,집합,생활,파워포인트를 활용한 카드 뉴스 만들기,2021-08-30,2021-09-03,9:30,13:00,박수정,김다영,문서 작성,컴퓨터 기초
190,1026,서구,서구 노인복지관 2층 프로그램실,,집합,생활,후후로 보이스피싱 없는 세상,2021-08-02,2021-08-03,14:00,17:30,김정숙,김옥경,정보 보안,컴퓨터 기초
191,1027,서구,서구 노인복지관 2층 프로그램실,,집합,생활,후후로 보이스피싱 없는 세상,2021-08-04,2021-08-05,14:00,17:30,김정숙,김옥경,정보 보안,컴퓨터 기초
192,1028,서구,서구 노인복지관 2층 프로그램실,,집합,기초,나도 이제 사진작가,2021-08-09,2021-08-10,14:00,17:30,김정숙,김옥경,이미지/동영상 제작편집,미디어 창작/앱 개발
193,1029,서구,서구 노인복지관 2층 프로그램실,,집합,기초,나도 이제 사진작가,2021-08-11,2021-08-12,14:00,17:30,김정숙,김옥경,이미지/동영상 제작편집,미디어 창작/앱 개발
194,1030,서구,서구 노인복지관 2층 프로그램실,e편한세상 아파트,집합,기초,컴퓨터 기초(윈도우10),2021-08-17,2021-08-18,9:30,13:00,김진아,유다영,컴퓨터/모바일 기기 관리,컴퓨터 기초
195,1031,서구,서구 노인복지관 2층 프로그램실,,집합,생활,앱으로 소통하기 SNS(네이버밴드),2021-08-17,2021-08-17,14:00,17:30,김정숙,김옥경,sns 활용,소셜 미디어
196,1032,서구,서구 노인복지관 2층 프로그램실,,집합,생활,앱으로 소통하기 SNS(네이버밴드),2021-08-18,2021-08-19,14:00,17:30,김정숙,김옥경,sns 활용,소셜 미디어
197,1033,서구,서구 노인복지관 2층 프로그램실,e편한세상 아파트,집합,기초,윈도우10 파일과 폴더 활용,2021-08-19,2021-08-20,9:30,13:00,김진아,유다영,컴퓨터/모바일 기기 관리,컴퓨터 기초
198,1034,서구,서구 노인복지관 2층 프로그램실,,집합,생활,손쉬운 동영상 Quik 사용법,2021-08-23,2021-08-24,14:00,17:30,김정숙,김옥경,이미지/동영상 제작편집,미디어 창작/앱 개발
199,1035,서구,서구 노인복지관 2층 프로그램실,e편한세상 아파트,집합,기초,윈도우10 프로그램 활용하기,2021-08-24,2021-08-25,9:30,13:00,김진아,유다영,컴퓨터/모바일 기기 관리,컴퓨터 기초
200,1036,서구,서구 노인복지관 2층 프로그램실,,집합,생활,손쉬운 동영상 Quik 사용법,2021-08-25,2021-08-26,14:00,17:30,김정숙,김옥경,이미지/동영상 제작편집,미디어 창작/앱 개발
201,1037,서구,서구 노인복지관 2층 프로그램실,e편한세상 아파트,집합,기초,한글초급_한글 친해지기,2021-08-26,2021-08-27,9:30,13:00,김진아,유다영,문서 작성,컴퓨터 기초
202,1038,서구,서구 노인복지관 2층 프로그램실,e편한세상 아파트,집합,생활,(공공앱) 손쉽게 소통하는 편리한 민원,2021-08-30,2021-08-31,9:30,13:00,김진아,유다영,정부 행정서비스,생활 서비스
203,1049,서구,서구가족센터,,집합,기초,한글초급_한글 친해지기,2021-08-05,2021-08-05,9:30,13:00,강수연,박준형,문서 작성,컴퓨터 기초
204,1053,서구,서구가족센터,,집합,기초,한글초급_한글 이미지와 도형 활용,2021-08-12,2021-08-12,9:30,13:00,강수연,박준형,문서 작성,컴퓨터 기초
205,1057,서구,서구가족센터,,집합,기초,한글초급_한글 이미지와 도형 활용,2021-08-19,2021-08-19,9:30,13:00,강수연,박준형,문서 작성,컴퓨터 기초
206,1061,서구,서구가족센터,,집합,기초,한글초급_한글 표와 차트 활용,2021-08-26,2021-08-27,9:30,13:00,강수연,박준형,문서 작성,컴퓨터 기초
207,1091,수영구,구민정보화교육장(연수로275번길 30),,집합,생활,편리한 교통과 장보기,2021-08-02,2021-08-06,9:30,13:00,이은주A,정다원,이미지/동영상 제작편집,미디어 창작/앱 개발
208,1092,수영구,구민정보화교육장(연수로275번길 30),,집합,생활,키네마스터 앱을 활용한 동영상 만들기 & 유튜브 슬기롭게 활용하기,2021-08-02,2021-08-06,14:00,17:30,신종호,전순영,이미지/동영상 제작편집,미디어 창작/앱 개발
209,1093,수영구,구민정보화교육장(연수로275번길 30),,집합,생활,스마트한 키오스크 생활과 앱활용,2021-08-09,2021-08-13,9:30,13:00,이은주A,정다원,다양한 IT기기 이용방법,생활 서비스
210,1094,수영구,구민정보화교육장(연수로275번길 30),,집합,생활,편리한 교통과 장보기,2021-08-09,2021-08-13,14:00,17:30,신종호,전순영,이미지/동영상 제작편집,미디어 창작/앱 개발
211,1095,수영구,구민정보화교육장(연수로275번길 30),,집합,기초,"파워포인트초급_파워포인트와 친해지기, 워드아트와 스마트아트 활용",2021-08-17,2021-08-20,9:30,13:00,이은주A,정다원,문서 작성,컴퓨터 기초
212,1096,수영구,구민정보화교육장(연수로275번길 30),,집합,기초,SNS 스타_인스타그램 & 블로그 만들기,2021-08-17,2021-08-20,14:00,17:30,신종호,전순영,sns 활용,소셜 미디어
213,1097,수영구,구민정보화교육장(연수로275번길 30),,집합,심화,오피스 엑셀 첫걸음,2021-08-23,2021-08-27,9:30,13:00,이은주A,정다원,문서 작성,컴퓨터 기초
214,1098,수영구,구민정보화교육장(연수로275번길 30),,집합,생활,스마트 앱을 활용한 동영상만들기(초급부터 고급까지),2021-08-23,2021-08-27,14:00,17:30,신종호,전순영,이미지/동영상 제작편집,미디어 창작/앱 개발
215,1099,수영구,구민정보화교육장(연수로275번길 30),,집합,생활,(공공앱) 손쉽게 소통하는 편리한 민원,2021-08-30,2021-08-31,9:30,13:00,이은주A,정다원,정부 행정서비스,생활 서비스
216,1100,수영구,구민정보화교육장(연수로275번길 30),,집합,심화,네이버 스마트스토어,2021-08-30,2021-08-31,14:00,17:30,신종호,전순영,온라인 판매 채널 개설 및 운영,소셜 미디어
217,1114,수영구,망미2동 행정복지센터(구락로81번길 40),,집합,기초,친절한 스마트씨!(스마트폰 기초),2021-08-03,2021-08-04,9:30,13:00,노현정,이승환,컴퓨터/모바일 기기 관리,컴퓨터 기초
218,1116,수영구,망미2동 행정복지센터(구락로81번길 40),,집합,기초,나도 이제 사진작가,2021-08-05,2021-08-06,9:30,13:00,노현정,이승환,이미지/동영상 제작편집,미디어 창작/앱 개발
219,1118,수영구,망미2동 행정복지센터(구락로81번길 40),,집합,생활,(공공앱) 스마트한 부산 교통정보,2021-08-10,2021-08-11,9:30,13:00,노현정,이승환,정부 행정서비스,생활 서비스
220,1121,수영구,망미2동 행정복지센터(구락로81번길 40),,집합,기초,"SNS 기초_카카오톡, 카카오스토리",2021-08-17,2021-08-18,9:30,13:00,노현정,이승환,sns 활용,소셜 미디어
221,1123,수영구,망미2동 행정복지센터(구락로81번길 40),,집합,생활,(공공앱) 앱으로 관리하는 우리가족 건강관리,2021-08-19,2021-08-20,9:30,13:00,노현정,이승환,정부 행정서비스,생활 서비스
222,1125,수영구,망미2동 행정복지센터(구락로81번길 40),,집합,생활,키오스크와 함께 스마트한 생활,2021-08-24,2021-08-25,9:30,13:00,노현정,이승환,다양한 IT기기 이용방법,생활 서비스
223,1127,수영구,망미2동 행정복지센터(구락로81번길 40),,집합,생활,후후로 보이스피싱 없는 세상,2021-08-26,2021-08-27,9:30,13:00,노현정,이승환,정보 보안,컴퓨터 기초
224,1129,수영구,망미2동 행정복지센터(구락로81번길 40),,집합,생활,(공공앱) 앱으로 떠나는 흥미로운 부산여행,2021-08-30,2021-08-31,9:30,13:00,노현정,이승환,정부 행정서비스,생활 서비스
225,1131,수영구,수영구 노인복지관,,집합,기초,나도 이제 사진작가,2021-08-03,2021-08-04,9:30,13:00,김율희,이승호,이미지/동영상 제작편집,미디어 창작/앱 개발
226,1132,수영구,수영구 노인복지관,,집합,기초,친절한 스마트씨!(스마트폰 기초),2021-08-03,2021-08-04,14:00,17:30,이지연,김지영,컴퓨터/모바일 기기 관리,컴퓨터 기초
227,1133,수영구,수영구 노인복지관,,집합,기초,친절한 스마트씨!(스마트폰 기초),2021-08-05,2021-08-06,9:30,13:00,김율희,이승호,컴퓨터/모바일 기기 관리,컴퓨터 기초
228,1134,수영구,수영구 노인복지관,,집합,기초,나도 이제 사진작가,2021-08-05,2021-08-06,14:00,17:30,이지연,김지영,이미지/동영상 제작편집,미디어 창작/앱 개발
229,1135,수영구,수영구 노인복지관,,집합,기초,"SNS 기초_카카오톡, 카카오스토리",2021-08-10,2021-08-11,9:30,13:00,김율희,이승호,sns 활용,소셜 미디어
230,1136,수영구,수영구 노인복지관,,집합,기초,"SNS 기초_카카오톡, 카카오스토리",2021-08-10,2021-08-11,14:00,17:30,이지연,김지영,sns 활용,소셜 미디어
231,1137,수영구,수영구 노인복지관,,집합,기초,언택트시대 슬기로운 화상솔루션,2021-08-12,2021-08-13,9:30,13:00,김율희,이승호,기타,기타
232,1138,수영구,수영구 노인복지관,,집합,생활,편리한 교통 생활,2021-08-12,2021-08-13,14:00,17:30,이지연,김지영,이미지/동영상 제작편집,미디어 창작/앱 개발
233,1139,수영구,수영구 노인복지관,,집합,생활,키오스크와 함께 스마트한 생활,2021-08-17,2021-08-18,9:30,13:00,김율희,이승호,다양한 IT기기 이용방법,생활 서비스
234,1140,수영구,수영구 노인복지관,,집합,생활,집에서 만나는 장보기,2021-08-17,2021-08-18,14:00,17:30,이지연,김지영,쇼핑,소셜 미디어
235,1141,수영구,수영구 노인복지관,,집합,생활,편리한 교통 생활,2021-08-19,2021-08-20,9:30,13:00,김율희,이승호,이미지/동영상 제작편집,미디어 창작/앱 개발
236,1142,수영구,수영구 노인복지관,,집합,생활,키네마스터 앱을 활용한 동영상 만들기,2021-08-19,2021-08-20,14:00,17:30,이지연,김지영,이미지/동영상 제작편집,미디어 창작/앱 개발
237,1143,수영구,수영구 노인복지관,,집합,생활,집에서 만나는 장보기,2021-08-24,2021-08-25,9:30,13:00,김율희,이승호,쇼핑,소셜 미디어
238,1144,수영구,수영구 노인복지관,,집합,생활,키오스크와 함께 스마트한 생활,2021-08-24,2021-08-25,14:00,17:30,이지연,김지영,다양한 IT기기 이용방법,생활 서비스
239,1145,수영구,수영구 노인복지관,,집합,생활,(공공앱) 앱으로 떠나는 흥미로운 부산여행,2021-08-26,2021-08-27,14:00,17:30,이지연,김지영,정부 행정서비스,생활 서비스
240,1147,수영구,수영구 평생학습관(수영로521번길77),,집합,생활,(공공앱) 스마트한 부산 교통정보,2021-08-05,2021-08-06,13:30,17:00,김희경,김미정,정부 행정서비스,생활 서비스
241,1149,수영구,수영구 평생학습관(수영로521번길77),,집합,기초,나도 이제 사진작가,2021-08-12,2021-08-13,13:30,17:00,김희경,김미정,이미지/동영상 제작편집,미디어 창작/앱 개발
242,1151,수영구,수영구 평생학습관(수영로521번길77),,집합,생활,후후로 보이스피싱 없는 세상,2021-08-19,2021-08-20,13:30,17:00,김희경,김미정,정보 보안,컴퓨터 기초
243,1153,수영구,수영구 평생학습관(수영로521번길77),,집합,기초,"SNS 기초_카카오톡, 카카오스토리",2021-08-26,2021-08-27,13:30,17:00,김희경,김미정,sns 활용,소셜 미디어
244,1189,연제구,거제종합사회복지관,,집합,기초,파워포인트초급_표와 차트 활용,2021-08-03,2021-08-04,9:30,13:00,이나겸,배민영,문서 작성,컴퓨터 기초
245,1190,연제구,거제종합사회복지관,,집합,생활,내가 만드는 포토북과 스마트한 일기책,2021-08-05,2021-08-06,9:30,13:00,이나겸,배민영,이미지/동영상 제작편집,미디어 창작/앱 개발
246,1191,연제구,거제종합사회복지관,,집합,생활,내가 만드는 포토북과 스마트한 일기책,2021-08-10,2021-08-11,9:30,13:00,이나겸,배민영,이미지/동영상 제작편집,미디어 창작/앱 개발
247,1193,연제구,거제종합사회복지관,,집합,생활,키네마스터 앱을 활용한 동영상 만들기,2021-08-12,2021-08-13,9:30,13:00,이나겸,배민영,이미지/동영상 제작편집,미디어 창작/앱 개발
248,1195,연제구,거제종합사회복지관,,집합,생활,키네마스터 앱을 활용한 동영상 만들기,2021-08-17,2021-08-18,9:30,13:00,이나겸,배민영,이미지/동영상 제작편집,미디어 창작/앱 개발
249,1197,연제구,거제종합사회복지관,,집합,기초,오피스 엑셀 기초,2021-08-19,2021-08-20,9:30,13:00,이나겸,배민영,문서 작성,컴퓨터 기초
250,1199,연제구,거제종합사회복지관,,집합,기초,오피스 엑셀 기초,2021-08-24,2021-08-25,9:30,13:00,이나겸,배민영,문서 작성,컴퓨터 기초
251,1200,연제구,거제종합사회복지관,,집합,기초,핵심내용으로 구성된 초급엑셀실무 TIP,2021-08-26,2021-08-27,9:30,13:00,이나겸,배민영,문서 작성,컴퓨터 기초
252,1203,연제구,거제종합사회복지관,,집합,기초,핵심내용으로 구성된 초급엑셀실무 TIP,2021-08-31,2021-08-31,9:30,13:00,이나겸,배민영,문서 작성,컴퓨터 기초
253,1258,연제구,연제구 평생학습관 정보화교육장,,집합,기초,한글초급_한글 친해지기,2021-08-09,2021-08-13,9:30,13:00,김민철,손민지,문서 작성,컴퓨터 기초
254,1260,연제구,연제구 평생학습관 정보화교육장,,집합,생활,사진앱 포토 동영상과 클라우드 관리하기,2021-08-17,2021-08-20,9:30,13:00,김민철,손민지,이미지/동영상 제작편집,미디어 창작/앱 개발
255,1261,연제구,연제구 평생학습관 정보화교육장,,집합,특별,드론의 이해와 활용,2021-08-17,2021-08-20,14:00,17:30,이성전,유지현,드론 제작 및 조종,새로운 기기 기술 체험 및 활용법
256,1262,연제구,연제구 평생학습관 정보화교육장,,집합,기초,컴퓨터 기초(윈도우10),2021-08-23,2021-08-27,9:30,13:00,김민철,손민지,컴퓨터/모바일 기기 관리,컴퓨터 기초
257,1263,연제구,연제구 평생학습관 정보화교육장,,집합,생활,키네마스터 앱을 활용한 동영상 만들기 &유튜브 슬기롭게 활용하기,2021-08-23,2021-08-27,14:00,17:30,박정은A,유지현,이미지/동영상 제작편집,미디어 창작/앱 개발
258,1309,영도구,영도구 정보화교육장(영도구청 4층),,집합,생활,스마트한 키오스크 생활과 앱활용,2021-08-02,2021-08-06,9:30,13:00,권민선,주은경,다양한 IT기기 이용방법,생활 서비스
259,1310,영도구,영도구 정보화교육장(영도구청 4층),,집합,기초,친절한 스마트씨!(스마트폰 기초),2021-08-02,2021-08-06,14:00,17:30,최정원,강동우,컴퓨터/모바일 기기 관리,컴퓨터 기초
260,1311,영도구,영도구 정보화교육장(영도구청 4층),,집합,기초,친절한 스마트씨!(스마트폰 기초),2021-08-09,2021-08-13,9:30,13:00,권민선,주은경,컴퓨터/모바일 기기 관리,컴퓨터 기초
261,1312,영도구,영도구 정보화교육장(영도구청 4층),,집합,기초,컴퓨터 기초(윈도우10),2021-08-09,2021-08-13,14:00,17:30,최정원,강동우,컴퓨터/모바일 기기 관리,컴퓨터 기초
262,1313,영도구,영도구 정보화교육장(영도구청 4층),,집합,기초,컴퓨터 기초(윈도우10),2021-08-17,2021-08-20,9:30,13:00,권민선,주은경,컴퓨터/모바일 기기 관리,컴퓨터 기초
263,1314,영도구,영도구 정보화교육장(영도구청 4층),,집합,기초,친절한 스마트씨!(스마트폰 기초),2021-08-17,2021-08-20,14:00,17:30,최정원,강동우,컴퓨터/모바일 기기 관리,컴퓨터 기초
264,1315,영도구,영도구 정보화교육장(영도구청 4층),,집합,기초,나도 이제 사진작가,2021-08-23,2021-08-27,9:30,13:00,권민선,주은경,이미지/동영상 제작편집,미디어 창작/앱 개발
265,1316,영도구,영도구 정보화교육장(영도구청 4층),,집합,생활,스마트한 키오스크 생활과 앱활용,2021-08-23,2021-08-27,14:00,17:30,최정원,강동우,다양한 IT기기 이용방법,생활 서비스
266,1317,영도구,영도구 정보화교육장(영도구청 4층),,집합,생활,(공공앱) 앱으로 떠나는 흥미로운 부산여행,2021-08-30,2021-08-31,9:30,13:00,권민선,주은경,정부 행정서비스,생활 서비스
267,1318,영도구,영도구 정보화교육장(영도구청 4층),,집합,생활,(공공앱) 앱으로 관리하는 우리가족 건강관리,2021-08-30,2021-08-31,14:00,17:30,최정원,강동우,정부 행정서비스,생활 서비스
268,1319,영도구,영도놀이마루,,집합,기초,친절한 스마트씨!(스마트폰 기초),2021-08-05,2021-08-06,13:30,17:00,권민선,주은경,컴퓨터/모바일 기기 관리,컴퓨터 기초
269,1320,영도구,영도놀이마루,,집합,생활,키오스크와 함께 스마트한 생활,2021-08-12,2021-08-13,13:30,17:00,권민선,주은경,다양한 IT기기 이용방법,생활 서비스
270,1321,영도구,영도놀이마루,,집합,기초,나도 이제 사진작가,2021-08-19,2021-08-20,13:30,17:00,권민선,주은경,이미지/동영상 제작편집,미디어 창작/앱 개발
271,1387,중구,중구 정보화 교육장,,집합,기초,한글 친해지기와 한글 표와 차트 활용,2021-08-09,2021-08-13,9:30,13:00,강율,허지혜,문서 작성,컴퓨터 기초
272,1388,중구,중구 정보화 교육장,,집합,기초,한글초급_한글 친해지기 및 이미지와 도형 활용,2021-08-09,2021-08-13,14:00,17:30,임종운,신경선,문서 작성,컴퓨터 기초
273,1389,중구,중구 정보화 교육장,,집합,기초,친절한 스마트씨와 편리한 어플리케이션,2021-08-17,2021-08-20,9:30,13:00,강율,허지혜,컴퓨터/모바일 기기 관리,컴퓨터 기초
274,1390,중구,중구 정보화 교육장,,집합,기초,친절한 스마트씨!(스마트폰 기초) 및 앱활용,2021-08-17,2021-08-20,14:00,17:30,임종운,신경선,컴퓨터/모바일 기기 관리,컴퓨터 기초
275,1391,중구,중구 정보화 교육장,,집합,기초,윈도우10 프램그램 및 파일과 폴더 활용,2021-08-23,2021-08-27,9:30,13:00,강율,허지혜,컴퓨터/모바일 기기 관리,컴퓨터 기초
276,1392,중구,중구 정보화 교육장,,집합,기초,윈도우 10 기초 및 파일과 폴더 활용,2021-08-23,2021-08-27,14:00,17:30,임종운,신경선,컴퓨터/모바일 기기 관리,컴퓨터 기초
277,1393,중구,중구 정보화 교육장,,집합,생활,키오스크와 함께 스마트한 생활,2021-08-30,2021-08-31,9:30,13:00,강율,허지혜,다양한 IT기기 이용방법,생활 서비스
278,1394,중구,중구 정보화 교육장,,집합,생활,(공공앱) 스마트한 부산 교통정보,2021-08-30,2021-08-31,14:00,17:30,임종운,신경선,정부 행정서비스,생활 서비스
279,1414,중구,중앙동 배움터,,집합,생활,(공공앱) 스마트한 부산 교통정보,2021-08-09,2021-08-11,9:30,13:00,윤둘자,김현영,정부 행정서비스,생활 서비스
280,1415,중구,중앙동 배움터,,집합,생활,앱으로 소통하기 SNS,2021-08-09,2021-08-11,14:00,17:30,정은화,최은영,sns 활용,소셜 미디어
281,1416,중구,중앙동 배움터,,집합,생활,유튜브 슬기롭게 활용하기,2021-08-12,2021-08-13,9:30,13:00,윤둘자,김현영,이미지/동영상 제작편집,미디어 창작/앱 개발
282,1417,중구,중앙동 배움터,,집합,생활,편리한 교통과 장보기,2021-08-12,2021-08-13,14:00,17:30,정은화,최은영,이미지/동영상 제작편집,미디어 창작/앱 개발
283,1418,중구,중앙동 배움터,,집합,생활,(공공앱) 앱으로 관리하는 우리가족 건강관리,2021-08-17,2021-08-18,9:30,13:00,윤둘자,김현영,정부 행정서비스,생활 서비스
284,1419,중구,중앙동 배움터,,집합,생활,민원서류 쉽게 준비하기,2021-08-17,2021-08-18,14:00,17:30,정은화,최은영,정부 행정서비스,생활 서비스
285,1420,중구,중앙동 배움터,,집합,기초,나도 이제 사진작가,2021-08-19,2021-08-20,9:30,13:00,윤둘자,김현영,이미지/동영상 제작편집,미디어 창작/앱 개발
286,1421,중구,중앙동 배움터,,집합,기초,스마트폰 왕초보,2021-08-19,2021-08-20,14:00,17:30,정은화,최은영,컴퓨터/모바일 기기 관리,컴퓨터 기초
287,1422,중구,중앙동 배움터,,집합,생활,(공공앱) 나에게 맞는 일자리 찾기,2021-08-23,2021-08-25,9:30,13:00,윤둘자,김현영,정부 행정서비스,생활 서비스
288,1423,중구,중앙동 배움터,,집합,생활,앱으로 소통하기 SNS(네이버밴드),2021-08-23,2021-08-25,14:00,17:30,정은화,최은영,sns 활용,소셜 미디어
289,1424,중구,중앙동 배움터,,집합,생활,폰 하나면 지도도 내손바닥(원내비 지하철종결자 카카오지하철),2021-08-26,2021-08-27,9:30,13:00,윤둘자,김현영,컴퓨터/모바일 기기 관리,컴퓨터 기초
290,1425,중구,중앙동 배움터,,집합,기초,"SNS 기초_카카오톡, 카카오스토리",2021-08-26,2021-08-27,14:00,17:30,정은화,최은영,sns 활용,소셜 미디어
291,1426,중구,중앙동 배움터,,집합,기초,"SNS 기초_카카오톡, 카카오스토리",2021-08-30,2021-08-31,9:30,13:00,윤둘자,김현영,sns 활용,소셜 미디어
292,1427,중구,중앙동 배움터,,집합,생활,스마트폰 앱을 활용한 동영상만들기,2021-08-30,2021-08-31,14:00,17:30,정은화,최은영,이미지/동영상 제작편집,미디어 창작/앱 개발
293,1495,해운대구,아시아선수촌 커뮤니티센터,,집합,생활,(공공앱) 앱으로 떠나는 흥미로운 부산여행,2021-08-02,2021-08-03,9:30,13:00,이은주B,전우양,정부 행정서비스,생활 서비스
294,1497,해운대구,아시아선수촌 커뮤니티센터,,집합,기초,디지털 미디어 리터러시와 저작권 이야기,2021-08-04,2021-08-06,9:30,13:00,이은주B,전우양,기타,기타
295,1498,해운대구,아시아선수촌 커뮤니티센터,,집합,생활,키오스크와 함께 스마트한 생활,2021-08-05,2021-08-06,14:00,17:30,배정희,박용락,다양한 IT기기 이용방법,생활 서비스
296,1499,해운대구,아시아선수촌 커뮤니티센터,,집합,생활,사진앱 포토 동영상과 클라우드 관리하기,2021-08-09,2021-08-10,9:30,13:00,이은주B,전우양,이미지/동영상 제작편집,미디어 창작/앱 개발
297,1500,해운대구,아시아선수촌 커뮤니티센터,,집합,생활,(공공앱) 앱으로 관리하는 우리가족 건강관리,2021-08-11,2021-08-13,9:30,13:00,이은주B,전우양,정부 행정서비스,생활 서비스
298,1501,해운대구,아시아선수촌 커뮤니티센터,,집합,생활,(공공앱) 앱으로 떠나는 흥미로운 부산여행,2021-08-12,2021-08-13,14:00,17:30,배정희,박용락,정부 행정서비스,생활 서비스
299,1502,해운대구,아시아선수촌 커뮤니티센터,,집합,기초,언택트시대 슬기로운 화상솔루션,2021-08-17,2021-08-17,9:30,13:00,이은주B,전우양,기타,기타
300,1504,해운대구,아시아선수촌 커뮤니티센터,,집합,생활,유튜브 슬기롭게 활용하기,2021-08-18,2021-08-20,9:30,13:00,이은주B,전우양,이미지/동영상 제작편집,미디어 창작/앱 개발
301,1505,해운대구,아시아선수촌 커뮤니티센터,,집합,기초,언택트시대 슬기로운 화상솔루션,2021-08-19,2021-08-20,14:00,17:30,배정희,박용락,기타,기타
302,1506,해운대구,아시아선수촌 커뮤니티센터,,집합,생활,앱으로 소통하기 SNS(네이버밴드),2021-08-23,2021-08-24,9:30,13:00,이은주B,전우양,sns 활용,소셜 미디어
303,1508,해운대구,아시아선수촌 커뮤니티센터,,집합,기초,한글초급_한글 이미지와 도형 활용,2021-08-25,2021-08-27,9:30,13:00,이은주B,전우양,문서 작성,컴퓨터 기초
304,1509,해운대구,아시아선수촌 커뮤니티센터,,집합,기초,디지털 미디어 리터러시와 저작권 이야기,2021-08-26,2021-08-27,14:00,17:30,배정희,박용락,기타,기타
305,1510,해운대구,아시아선수촌 커뮤니티센터,,집합,생활,(공공앱) 폰으로 즐기는 방송,2021-08-30,2021-08-31,9:30,13:00,이은주B,전우양,정부 행정서비스,생활 서비스
306,1512,해운대구,해운대 대림1차아파트,,집합,기초,친절한 스마트씨!(스마트폰 기초),2021-08-03,2021-08-04,9:30,13:00,송정임,장윤아,컴퓨터/모바일 기기 관리,컴퓨터 기초
307,1513,해운대구,해운대 대림1차아파트,,집합,기초,친절한 스마트씨!(스마트폰 기초),2021-08-03,2021-08-04,14:00,17:30,김병주,김지은,컴퓨터/모바일 기기 관리,컴퓨터 기초
308,1514,해운대구,해운대 대림1차아파트,,집합,기초,나도 이제 사진작가,2021-08-05,2021-08-06,9:30,13:00,송정임,장윤아,이미지/동영상 제작편집,미디어 창작/앱 개발
309,1515,해운대구,해운대 대림1차아파트,,집합,기초,나도 이제 사진작가,2021-08-05,2021-08-06,14:00,17:30,김병주,김지은,이미지/동영상 제작편집,미디어 창작/앱 개발
310,1516,해운대구,해운대 대림1차아파트,,집합,기초,"SNS 기초_카카오톡, 카카오스토리",2021-08-10,2021-08-11,9:30,13:00,송정임,장윤아,sns 활용,소셜 미디어
311,1517,해운대구,해운대 대림1차아파트,,집합,기초,"SNS 기초_카카오톡, 카카오스토리",2021-08-10,2021-08-11,14:00,17:30,김병주,김지은,sns 활용,소셜 미디어
312,1518,해운대구,해운대 대림1차아파트,,집합,기초,SNS 스타_인스타그램,2021-08-12,2021-08-13,9:30,13:00,송정임,장윤아,sns 활용,소셜 미디어
313,1519,해운대구,해운대 대림1차아파트,,집합,생활,편리한 교통 생활,2021-08-12,2021-08-13,14:00,17:30,김병주,김지은,이미지/동영상 제작편집,미디어 창작/앱 개발
314,1520,해운대구,해운대 대림1차아파트,,집합,생활,집에서 만나는 장보기,2021-08-17,2021-08-18,9:30,13:00,송정임,장윤아,쇼핑,소셜 미디어
315,1521,해운대구,해운대 대림1차아파트,,집합,생활,(공공앱) 손쉽게 소통하는 편리한 민원,2021-08-19,2021-08-20,9:30,13:00,송정임,장윤아,정부 행정서비스,생활 서비스
316,1522,해운대구,해운대 대림1차아파트,,집합,생활,편리한 어플리케이션,2021-08-19,2021-08-20,14:00,17:30,김병주,김지은,이미지/동영상 제작편집,미디어 창작/앱 개발
317,1523,해운대구,해운대 대림1차아파트,,집합,생활,키네마스터 앱을 활용한 동영상 만들기,2021-08-24,2021-08-27,9:30,13:00,송정임,장윤아,이미지/동영상 제작편집,미디어 창작/앱 개발
318,1524,해운대구,해운대 대림1차아파트,,집합,생활,집에서 만나는 장보기,2021-08-24,2021-08-25,14:00,17:30,김병주,김지은,쇼핑,소셜 미디어
319,1525,해운대구,해운대 대림1차아파트,,집합,생활,키오스크와 함께 스마트한 생활,2021-08-26,2021-08-27,14:00,17:30,김병주,김지은,다양한 IT기기 이용방법,생활 서비스
320,1526,해운대구,해운대 대림1차아파트,,집합,생활,키오스크와 함께 스마트한 생활,2021-08-30,2021-08-31,9:30,13:00,송정임,장윤아,다양한 IT기기 이용방법,생활 서비스
321,1527,해운대구,해운대 대림1차아파트,,집합,생활,(공공앱) 앱으로 관리하는 우리가족 건강관리,2021-08-30,2021-08-31,14:00,17:30,김병주,김지은,정부 행정서비스,생활 서비스
